{
    "packages":{ 

        "guitar":{
            "category":"instrument",
            "name_IT":"chitarra",
            "name_EN":"guitar",
            "version":"0.1",
            "date":"2020-06-01",
            "interface":{
                "base":{
                    "available":"TRUE",
                    "icon":"guitar.png"
                },
                "intermediate":{
                    "available":"TRUE",
                    "icon":"guitar.png"
                },
                "advanced":{
                    "available":"TRUE",
                    "icon":"guitar.png"
                }
            }
        }
    }
}

