{
    "packages":{ 

        "doublebass":{
            "category":"instrument",
            "name_IT":"contrabbasso",
            "name_EN":"doublebass",
            "version":"0.1",
            "date":"2020-06-01",
            "interface":{
                "base":{
                    "available":"TRUE",
                    "icon":"doublebass.png"
                },
                "intermediate":{
                    "available":"TRUE",
                    "icon":"doublebass.png"
                },
                "advanced":{
                    "available":"TRUE",
                    "icon":"doublebass.png"
                }
            }
        }
    }
}


