{
    "packages":{ 

        "electricguitar":{
            "category":"instrument",
            "name_IT":"chitarra elettrica",
            "name_EN":"electricguitar",
            "version":"0.1",
            "date":"2020-06-01",
            "interface":{
                "base":{
                    "available":"TRUE",
                    "icon":"electricguitar.png"
                },
                "intermediate":{
                    "available":"TRUE",
                    "icon":"electricguitar.png"
                },
                "advanced":{
                    "available":"TRUE",
                    "icon":"electricguitar.png"
                }
            }
        }
    }
}


