{
    "packages":{ 

        "monkey":{
            "category":"animal",
            "name_IT":"scimmia",
            "name_EN":"monkey",
            "version":"0.1",
            "date":"2020-06-01",
            "interface":{
                "base":{
                    "available":"TRUE",
                    "icon":"monkey.png"
                },
                "intermediate":{
                    "available":"TRUE",
                    "icon":"monkey.png"
                },
                "advanced":{
                    "available":"TRUE",
                    "icon":"monkey.png"
                }
            }
        }
    }
}

