{
    "packages":{ 

        "flute":{
            "category":"instrument",
            "name_IT":"flauto",
            "name_EN":"flute",
            "version":"0.1",
            "date":"2020-06-01",
            "interface":{
                "base":{
                    "available":"TRUE",
                    "icon":"flute.png"
                },
                "intermediate":{
                    "available":"TRUE",
                    "icon":"flute.png"
                },
                "advanced":{
                    "available":"TRUE",
                    "icon":"flute.png"
                }
            }
        }
    }
}


