{
    "packages":{ 

        "dinosaur":{
            "category":"animal",
            "name_IT":"dinosauro",
            "name_EN":"dinosaur",
            "version":"0.1",
            "date":"2020-06-01",
            "interface":{
                "base":{
                    "available":"TRUE",
                    "icon":"dinosaur.png"
                },
                "intermediate":{
                    "available":"TRUE",
                    "icon":"dinosaur.png"
                },
                "advanced":{
                    "available":"TRUE",
                    "icon":"dinosaur.png"
                }
            }
        }
    }
}


