{
    "packages":{ 

        "piano":{
            "category":"instrument",
            "name_IT":"pianoforte",
            "name_EN":"piano",
            "version":"0.1",
            "date":"2020-06-01",
            "interface":{
                "base":{
                    "available":"TRUE",
                    "icon":"piano.png"
                },
                "intermediate":{
                    "available":"TRUE",
                    "icon":"piano.png"
                },
                "advanced":{
                    "available":"TRUE",
                    "icon":"piano.png"
                }
            }
        }
    }
}


