{
    "packages":{ 

        "pig":{
            "category":"animal",
            "name_IT":"maiale",
            "name_EN":"pig",
            "version":"0.1",
            "date":"2020-06-01",
            "interface":{
                "base":{
                    "available":"TRUE",
                    "icon":"pig.png"
                },
                "intermediate":{
                    "available":"TRUE",
                    "icon":"pig.png"
                },
                "advanced":{
                    "available":"TRUE",
                    "icon":"pig.png"
                }
            }
        }
    }
}

