{
    "packages":{ 

        "trumpet":{
            "category":"instrument",
            "name_IT":"tromba",
            "name_EN":"trumpet",
            "version":"0.1",
            "date":"2020-06-01",
            "interface":{
                "base":{
                    "available":"TRUE",
                    "icon":"trumpet.png"
                },
                "intermediate":{
                    "available":"TRUE",
                    "icon":"trumpet.png"
                },
                "advanced":{
                    "available":"TRUE",
                    "icon":"trumpet.png"
                }
            }
        }
    }
}


