{
    "packages":{ 

        "duck":{
            "category":"animal",
            "name_IT":"papera",
            "name_EN":"duck",
            "version":"0.1",
            "date":"2020-06-01",
            "interface":{
                "base":{
                    "available":"TRUE",
                    "icon":"duck.png"
                },
                "intermediate":{
                    "available":"TRUE",
                    "icon":"duck.png"
                },
                "advanced":{
                    "available":"TRUE",
                    "icon":"duck.png"
                }
            }
        }
    }
}
:
