{
    "packages":{ 

        "violin":{
            "category":"instrument",
            "name_IT":"violino",
            "name_EN":"violin",
            "version":"0.1",
            "date":"2020-06-01",
            "interface":{
                "base":{
                    "available":"TRUE",
                    "icon":"violin.png"
                },
                "intermediate":{
                    "available":"TRUE",
                    "icon":"violin.png"
                },
                "advanced":{
                    "available":"TRUE",
                    "icon":"violin.png"
                }
            }
        }
    }
}


