{
    "packages":{ 

        "tiger":{
            "category":"animal",
            "name_IT":"tigre",
            "name_EN":"tiger",
            "version":"0.1",
            "date":"2020-06-01",
            "interface":{
                "base":{
                    "available":"TRUE",
                    "icon":"tiger.png"
                },
                "intermediate":{
                    "available":"TRUE",
                    "icon":"tiger.png"
                },
                "advanced":{
                    "available":"TRUE",
                    "icon":"tiger.png"
                }
            }
        }
    }
}

