{
    "packages":{ 

        "horn":{
            "category":"instrument",
            "name_IT":"corno",
            "name_EN":"horn",
            "version":"0.1",
            "date":"2020-06-01",
            "interface":{
                "base":{
                    "available":"TRUE",
                    "icon":"horn.png"
                },
                "intermediate":{
                    "available":"TRUE",
                    "icon":"horn.png"
                },
                "advanced":{
                    "available":"TRUE",
                    "icon":"horn.png"
                }
            }
        }
    }
}
