{
    "packages":{ 

        "dog":{
            "category":"animal",
            "name_IT":"cane",
            "name_EN":"dog",
            "version":"0.1",
            "date":"2020-06-01",
            "interface":{
                "base":{
                    "available":"TRUE",
                    "icon":"dog.png"
                },
                "intermediate":{
                    "available":"TRUE",
                    "icon":"dog.png"
                },
                "advanced":{
                    "available":"TRUE",
                    "icon":"dog.png"
                }
            }
        }
    }
}


