{
    "packages":{ 

        "elephant":{
            "category":"animal",
            "name_IT":"elefante",
            "name_EN":"elephant",
            "version":"0.1",
            "date":"2020-06-01",
            "interface":{
                "base":{
                    "available":"TRUE",
                    "icon":"elephant.png"
                },
                "intermediate":{
                    "available":"TRUE",
                    "icon":"elephant.png"
                },
                "advanced":{
                    "available":"TRUE",
                    "icon":"elephant.png"
                }
            }
        }
    }
}

