{
    "packages":{ 

        "frog":{
            "category":"animal",
            "name_IT":"gatto",
            "name_EN":"frog",
            "version":"0.1",
            "date":"2020-06-01",
            "interface":{
                "base":{
                    "available":"TRUE",
                    "icon":"frog.png"
                },
                "intermediate":{
                    "available":"TRUE",
                    "icon":"frog.png"
                },
                "advanced":{
                    "available":"TRUE",
                    "icon":"frog.png"
                }
            }
        }
    }
}


